agent,chaos_level,delay_mean,delay_std,queue_mean,queue_std,gini_mean,gini_std,cvar_95_mean,cvar_95_std,reward_mean,reward_std,teleports_mean,collisions_mean
CoLight,0.5,22.48777777777778,5.664703113872144,3.5454166666666667,0.42804828007532725,0.4162023434601724,0.018216946113371532,225.41848852901484,89.345238396387,-8000.319706187397,1820.5810390026086,1049.2,2098.4
Fixed,0.5,75151.00972222222,237578.98394812198,59.13027777777778,175.92922619565257,0.3818451390288667,0.1123373008881657,194743.3569069069,615107.1628791629,-23243720.35855003,73478548.20556499,991.0,1982.0
MaxPressure,0.5,889.4475,2742.0138202329363,6.069305555555556,8.041743199117688,0.40222953748682305,0.04271909518266559,8347.256681681682,25633.72582878882,-283844.6415800972,872475.438343153,1036.7,2073.4
ppo_chaos,0.5,22.654027777777777,6.555226910638997,3.602777777777778,0.44206781611720974,0.40640677710270723,0.01892708654161538,239.65116959064326,88.1585035010667,-7958.543863854185,2239.240779322478,1074.6,2149.2
ppo_ideal,0.5,32.82486111111111,14.057857608199317,4.0275,0.4911436152027817,0.4149500578372843,0.014854568261363117,415.10292397660817,252.0259951718877,-11355.909212492854,4845.277097922678,1050.9,2101.8
