label,n_episodes,reward_mean,reward_std,delay_mean,delay_std,wait_mean,queue_mean,gini_mean,gini_std,teleports_mean,collisions_mean,cvar90
PPO (Normal),1,-868.3827294111252,0.0,1.6027777777777779,0.0,0.1335648148148148,0.6305555555555555,0.906086415560408,0.0,1.0,2.0,1154.0
PPO (LATAM),1,-12618704.898609042,0.0,27506.2875,0.0,2292.190625,91.43194444444444,0.8584546362799683,0.0,2496.0,4884.0,19804527.0
