label,n_episodes,reward_mean,reward_std,delay_mean,delay_std,wait_mean,queue_mean,gini_mean,gini_std,teleports_mean,collisions_mean,cvar90
PPO,1,-2771.9694944620132,0.0,5.448611111111111,0.0,0.4540509259259259,1.2916666666666667,0.9023028767800757,0.0,1.0,2.0,3923.0
Baseline,1,-12956.79861342907,0.0,28.66111111111111,0.0,2.3884259259259255,4.291666666666667,0.8794592507362365,0.0,0.0,0.0,20636.0
