{
  "by_driver": {
    "alonso": {
      "n_samples": 5,
      "accel": {
        "mean": 0.0,
        "std": 0.0,
        "p95": 0.0,
        "max": 0.0
      },
      "jerk": {
        "mean": 0.0,
        "std": 0.0,
        "p95": 0.0,
        "max": 0.0
      },
      "speed": {
        "mean": 0.0,
        "std": 0.0,
        "p95": 0.0,
        "max": 0.0
      }
    },
    "andres": {
      "n_samples": 3,
      "accel": {
        "mean": 0.35000000000000003,
        "std": 0.06999999999999998,
        "p95": 0.413,
        "max": 0.42
      },
      "jerk": {
        "mean": 0.07333333333333332,
        "std": 0.1361371857110809,
        "p95": 0.174,
        "max": 0.18
      },
      "speed": {
        "mean": 13.5,
        "std": 0.8888194417315587,
        "p95": 14.16,
        "max": 14.2
      }
    },
    "furious": {
      "n_samples": 3,
      "accel": {
        "mean": 0.65,
        "std": 0.13,
        "p95": 0.767,
        "max": 0.78
      },
      "jerk": {
        "mean": 0.17333333333333334,
        "std": 0.368284310463171,
        "p95": 0.413,
        "max": 0.42
      },
      "speed": {
        "mean": 19.366666666666667,
        "std": 0.8082903768654767,
        "p95": 20.040000000000003,
        "max": 20.1
      }
    },
    "labeled": {
      "n_samples": 2,
      "accel": {
        "mean": 0.2,
        "std": 0.02828427124746191,
        "p95": 0.218,
        "max": 0.22
      },
      "jerk": {
        "mean": 0.065,
        "std": 0.021213203435596427,
        "p95": 0.0785,
        "max": 0.08
      },
      "speed": {
        "mean": 8.85,
        "std": 0.49497474683058273,
        "p95": 9.165,
        "max": 9.2
      }
    },
    "pablo": {
      "n_samples": 2,
      "accel": {
        "mean": 0.5,
        "std": 0.07071067811865477,
        "p95": 0.545,
        "max": 0.55
      },
      "jerk": {
        "mean": 0.25,
        "std": 0.042426406871192875,
        "p95": 0.277,
        "max": 0.28
      },
      "speed": {
        "mean": 16.15,
        "std": 0.49497474683058273,
        "p95": 16.465,
        "max": 16.5
      }
    },
    "richard": {
      "n_samples": 2,
      "accel": {
        "mean": 0.43,
        "std": 0.07071067811865474,
        "p95": 0.475,
        "max": 0.48
      },
      "jerk": {
        "mean": 0.175,
        "std": 0.03535533905932738,
        "p95": 0.1975,
        "max": 0.2
      },
      "speed": {
        "mean": 12.0,
        "std": 1.1313708498984771,
        "p95": 12.72,
        "max": 12.8
      }
    },
    "yolanda": {
      "n_samples": 2,
      "accel": {
        "mean": 0.36,
        "std": 0.05656854249492382,
        "p95": 0.396,
        "max": 0.4
      },
      "jerk": {
        "mean": 0.13,
        "std": 0.042426406871192854,
        "p95": 0.157,
        "max": 0.16
      },
      "speed": {
        "mean": 11.15,
        "std": 0.9192388155425123,
        "p95": 11.735000000000001,
        "max": 11.8
      }
    }
  },
  "imprudence_ranking": {
    "alonso": 0.0,
    "andres": 0.17029999999999998,
    "furious": 0.34023333333333333,
    "labeled": 0.08633333333333333,
    "pablo": 0.23736666666666667,
    "richard": 0.19516666666666665,
    "yolanda": 0.16066666666666668
  }
}