{
  "total_samples": 470990,
  "total_drivers": 20,
  "accel_stats": {
    "mean": 0.7484611475409836,
    "std": 0.24708867970602735,
    "min": 0.01,
    "max": 1.6405
  },
  "jerk_stats": {
    "mean": 0.4725892250372578,
    "std": 0.17515176781697,
    "min": -0.0848,
    "max": 1.1067
  },
  "speed_stats": {
    "mean": 19.12342324888227,
    "std": 5.361615764422354,
    "min": 4.0,
    "max": 40.0
  }
}