scenario_id,stress_level,accel_magnitude,jerk,speed
0,nominal,0.5581039755351682,0.1483180428134556,0.3953488372093023
0,moderate,0.8371559633027523,0.22247706422018337,0.5930232558139534
0,extreme,1.1162079510703364,0.2966360856269112,0.7906976744186046
